day,Achat,Vente,difference
2025-07-04,515860817.0211141,752601872.5888032,-236741055.56768903
