day,Achat,Vente,difference
2025-07-04,2168043.9384661,257064.308532,1910979.6299341
