day,Achat,Vente,difference_whales
2025-07-04,4327839.800000001,0,4327839.800000001
